1n73ctionShell_15d337a54e42ed3f2f13d91a85297ab8ee158345.php,Webshell-samples/samples/webshell/PHP-backdoors-master/Obfuscated/1n73ctionShell_15d337a54e42ed3f2f13d91a85297ab8ee158345.php,5.67,false,a656b50e957548a03de2f293cd448e72,a3990f7fda160985fd844a1df81d11aa6ec80149,0296d214582e2e767413f1e62003edeaf72c0ae7cf4478d86a14c2ae9a9d6cd8,b6967fe75ffaee2a1ec539764c25b09c9864027f7b7a9dc40e37ca4d56bac4a190643048b7c5d4fa03a05fe462b21d1450b83ee94861c0f3ba814825f6812f66
AlucarShell_45850bc2b7479adc188649a8069240f506da316f.php,Webshell-samples/samples/webshell/PHP-backdoors-master/Obfuscated/AlucarShell_45850bc2b7479adc188649a8069240f506da316f.php,5.67,false,ff5d442907953a0187159e095376b1fe,e3640c63cb44200bfd3038443b2bd9bd736df795,7990b892b12dff29dad65700b688ccbaa33812bb262114b72427d9328049f7a2,8fedfb1260b04fec1c812922b26a169fdd0e392e997f000904b2caa4624e6238eb459a34387a404099f205b8023f2bd10b39ebaadcc50eaf96d083cf88064024
AngelShell_27d6f1d66639d4bb55f2ccf05a4a20ba4ee51b88.php,Webshell-samples/samples/webshell/PHP-backdoors-master/Obfuscated/AngelShell_27d6f1d66639d4bb55f2ccf05a4a20ba4ee51b88.php,5.68,false,132970cf863271e2af48daa4000f4081,b6f153d9a190dc4abd78d832999f16bc4a497dab,705cda9f936b9de11bfef9716a3ce5a8810280baf1af2de93c0866b6a4983bd8,f7c008dd39e294cdd83acb421d5cb35385442168a60a902ab966160311cf99461cce2d74d9d36fcbc9deadd4ac7c731b03ca95f00d5961ee654016f19e540828
Anjiyo_abf229975796ff6a16ac459bf91fe81f2b8f9510.php,Webshell-samples/samples/webshell/PHP-backdoors-master/Obfuscated/Anjiyo_abf229975796ff6a16ac459bf91fe81f2b8f9510.php,5.80,false,ca2dc983524be85a75e46c9a7a889f59,abf229975796ff6a16ac459bf91fe81f2b8f9510,16c344cdf9670fcef82e76fac0c568fd450e26466c0945e45360d733ac658b84,6183aa33f7e010aa7ba4947efea773dbbe9499da97905d331615acb0fdc0e1ee07aba7dcee8ee4455539e13e3ba14aa4c0bebb7c78c3349ec3b925d378802bdc
AnonGhostShell_508c5157ace424468a4d1ef489444cab16ed44f3.php,Webshell-samples/samples/webshell/PHP-backdoors-master/Obfuscated/AnonGhostShell_508c5157ace424468a4d1ef489444cab16ed44f3.php,5.99,false,aa21fa5dfcff6b3c7fa3b246c0977e2d,94abbdbc6173bdfee39dc5f81a2b68090877a721,6cfd5b82a71a3de29a6eba232631e46c8c33626add8ee53c57f7be7733889c51,7c2eeef2105ce39e24a03cec6ad2bb9339386334c070322ab4004f0b5a390e5fef0a7bbc0e27eab82b605bb6dc1cbb034c5d986423e874578344075814919468
AntichatShell_413042be83d5c255a0f6c0e6c058e20674e7e4ce.php,Webshell-samples/samples/webshell/PHP-backdoors-master/Obfuscated/AntichatShell_413042be83d5c255a0f6c0e6c058e20674e7e4ce.php,5.77,false,b97bc28bcddee819b48bb7e605b70bd6,1ea01e77a5043f554688b034fa82435b2f34e969,3694f85f859df24bfc29a3904b3c9b3ddcc75b6176e99b74dc352f0fe3077b2e,54488052fc7916fe733156c7be413fcf6cf5041d43434dc86ab37b96bee810b60da9c0fa519c59bc90d4162839cd3831ed76696be51f6239bac564afaef0604f
C99Shell_40794b16b34d0df2eebc244fa86f933b88835515.php,Webshell-samples/samples/webshell/PHP-backdoors-master/Obfuscated/C99Shell_40794b16b34d0df2eebc244fa86f933b88835515.php,5.71,false,382e2a9e4c841bc66fa3a56e6fa9d537,40794b16b34d0df2eebc244fa86f933b88835515,0491472790d885bfabbf8b7e564aaeb7d577a99330e288601d7da0bf101dd6b6,6802f61a2fc628fd259eb799dbb5fd6aab2ecff0c696a729c6e68b013d0da4fede3e99e8adabe7d89c9d49cb42cdeacf486f622efcc2357f0bc307b4ba37e798
CWShell_c9a5115093caa2ce9411df1111a76ffd591dd4a4.php,Webshell-samples/samples/webshell/PHP-backdoors-master/Obfuscated/CWShell_c9a5115093caa2ce9411df1111a76ffd591dd4a4.php,5.68,false,c37e12b611d1e40d2492788df2b3ef47,c9a5115093caa2ce9411df1111a76ffd591dd4a4,d9678d73394d9f7b47ae1abfe0aacf3f3e0ab729fc63a1c2a04557791309b369,7cab8b6597b82c72f04103b178355240128e6293712d08769acf967cee6086c5a8a0fd6c414bdf4ae1626a86bd1cfc2fa34366a4b42fa9b398092966f457aacb
DKShell_25d8e17abfa70370ab64ccc1f2e753a9082e8b7e.php,Webshell-samples/samples/webshell/PHP-backdoors-master/Obfuscated/DKShell_25d8e17abfa70370ab64ccc1f2e753a9082e8b7e.php,6.03,false,65ae048fc698fff216c13f7f56ecd904,25d8e17abfa70370ab64ccc1f2e753a9082e8b7e,fee55eeab746139bc6a4774c7d7fcd382181ee8f57b23e87ec659ec3a58ccff6,c585a5069f158320f16a82c153267199d9b6d65d986f58ed9a2ca536b03e65893b85613cae3df1d6d1d02347987d1906ca480ade0f0efda6ad619b34209a3c1f
DKShell_b44d4b19faccddd82db0971d318134c4b70573d5.php,Webshell-samples/samples/webshell/PHP-backdoors-master/Obfuscated/DKShell_b44d4b19faccddd82db0971d318134c4b70573d5.php,6.02,false,b8b7531f4cc718270bcc473c9e0ce2fc,b44d4b19faccddd82db0971d318134c4b70573d5,d7ba3bb1002f01a81ecfc80d1ed71a06291d34e541befc2e0fcadcefc2e104c4,a94c87809ccab5bdc53be7f95dc662b9d3e4161998cbc61c61b691fe8264dd2b23acaf0bdc5d13e528c3780dae73d6377a61364c7e5db3dee20e60be48f18fda
DKShell_e0a1d0859e925f59d0c352fcb5357bb6e3bb68db.php,Webshell-samples/samples/webshell/PHP-backdoors-master/Obfuscated/DKShell_e0a1d0859e925f59d0c352fcb5357bb6e3bb68db.php,6.02,false,40b226918711c8a37b8afe5f5eb4646d,f81cd5e41063c255e90ac84553af95a6049a1b0c,4bde8df0feb3568cc35c0f079e72fed53c5c15700286f4d305700d6b37f79f37,0f27f3dc5e886eaf8c72ba99fc2448595be7cf61b5730b9965a425cb77de527a871c5bc6b38798c4307486f1e731e09dabdb6f49bd461c0116cdf318d7be838f
DKShell_f0772be3c95802a2d1e7a4a3f5a45dcdef6997f3.php,Webshell-samples/samples/webshell/PHP-backdoors-master/Obfuscated/DKShell_f0772be3c95802a2d1e7a4a3f5a45dcdef6997f3.php,6.01,false,0738e52b1278a6e40f0ace0adc671cc8,f0772be3c95802a2d1e7a4a3f5a45dcdef6997f3,7ea49d5c29f1242f81f2393b514798ff7caccb50d46c60bdfcf61db00043473b,3f71d35bd70548c5fb4a0ddea17397324b01ef9106b60b4588c5397b3f083496f6026906d3b75f0ea7a04f141e9cfabc0b45008ca01d4c67da03fb6308bd6f1b
DkShell_4000bd83451f0d8501a9dfad60dce39e55ae167d.php,Webshell-samples/samples/webshell/PHP-backdoors-master/Obfuscated/DkShell_4000bd83451f0d8501a9dfad60dce39e55ae167d.php,6.03,false,94a1c54a495a12bd13c8e6bc869bccd2,43e37f7e06d7a5331f9f93c3ce6285607a8fe430,51a16b09520a3e063adf10ff5192015729a5de1add8341a43da5326e626315bd,d8cacddb34f599acbee8a94819f194450de959dcf3cfe74b7cd8c2b6c5a76bd54e8d6a790c1b87355a23809639249669623f521627213137fa7e2f2ce067545a
EkinoxShell_6da57ad8be1c587bb5cc8a1413f07d10fb314b72.php,Webshell-samples/samples/webshell/PHP-backdoors-master/Obfuscated/EkinoxShell_6da57ad8be1c587bb5cc8a1413f07d10fb314b72.php,5.68,false,dd5a37f5b0067dcab8975bbe9490600a,140884268e7ef1bf6237e278d86326758ba57773,27d466fd63fee499110a120bf9ed5250a7ce07be6cac022d2a71c79d617b103c,cac6b9408725b27b63e88ab9d7f60cb1a2ef8896774694d2213132b02b36e23f744c7ba96708f307aa8b4a362ac2a6f265a9ec6295bed14f9055e9cd7048143e
GaZaShell_57dbe942519ec9b6a003e1cbcebb4dfe2c6c924d.php,Webshell-samples/samples/webshell/PHP-backdoors-master/Obfuscated/GaZaShell_57dbe942519ec9b6a003e1cbcebb4dfe2c6c924d.php,5.67,false,a4225e1630de860f214fec720d16c198,57dbe942519ec9b6a003e1cbcebb4dfe2c6c924d,e945709a5b7620042b075fdd5c220460d681c4bd517d384827ea9bfd51ae2599,b2aa701cdbc7ed94296691326b02ce0c1a1b7338a809bb1414ce279df22ba920be593979c365a4c0f8af7672a66bead478522fd83115f8687c05449870d62224
Readme.md,Webshell-samples/samples/webshell/PHP-backdoors-master/Obfuscated/Readme.md,4.20,false,25d2856d2edcce0a858b21f6f5ab5b77,14f9af0f6a6b660099451ebf0055cc23394645e6,28bd1f0b378d3c6fe267099c4012ab42b579c1e58148dbb00a10d635462ca64c,eafce33a241febef815d087b66edca95c2a58cca6aec53bc38abab3f142b8b54a7b542e9df9bd33428880642a3c764ac4e14d9c748dc99c1ebdb396420e25fbd
SQLShell_01ca4c9e46562efcf4462af759f45961f31ff029.php,Webshell-samples/samples/webshell/PHP-backdoors-master/Obfuscated/SQLShell_01ca4c9e46562efcf4462af759f45961f31ff029.php,5.68,false,366af8a0f9605550d8520c1f0fde0960,d1420bf57d20bba1dc48e827c135b1ca74170153,6c470899dbbdfd96a1df11444fe9a85856063ade3a743f59a5325f8b9c05a117,ba4db5685ee1355549ce42daced0612d9e34dc16576c3e0314e6f5f0e9bbb4f57657119129654f3e3025097eac5ad5ad9f421feb8e06b6ac72058cafd303a0ed
SadrazamShell_48b10ea234a3430e4ac6f0751a8e909c3991f390.php,Webshell-samples/samples/webshell/PHP-backdoors-master/Obfuscated/SadrazamShell_48b10ea234a3430e4ac6f0751a8e909c3991f390.php,5.73,false,73dacd4a02a763257904e392dff9c47c,48b10ea234a3430e4ac6f0751a8e909c3991f390,6c6149d0ce0faef49fdedd94263dea397e5b0b0e9c57737daa3121def2d5e2e0,d98b456b5d1f1359e41b0d5c1a056b1c46dfe0e5ca7580ab5ffe138820a2a65688d709f14f949b6b62d941d69f08317b46ab5b9b90f6b8b2eefa1f8b118c2cac
SaudiShell_771ac5625286a771ac686752bd6857e0696ae433.php,Webshell-samples/samples/webshell/PHP-backdoors-master/Obfuscated/SaudiShell_771ac5625286a771ac686752bd6857e0696ae433.php,5.67,false,816039ecb21f12be1b25f582ff90f5bd,771ac5625286a771ac686752bd6857e0696ae433,358b8575677dedf8508da760ba7357e398f1129b1e56260ec5510255dcf0e292,6ad0ac0127be2c185dbea5e20aaa73ec1ceedb98e2b0daa498055e96efafd5b6c6075c168056f60245e3ff6fd957c6a9186952cf10546b3cc6c2078c3e112c3a
Sosyete_6ba719a5dcbbe675542d9001e5bf7987c979910f.php,Webshell-samples/samples/webshell/PHP-backdoors-master/Obfuscated/Sosyete_6ba719a5dcbbe675542d9001e5bf7987c979910f.php,5.71,false,9e2f901846d8fb6dbf916f2c6a9bbbed,6ba719a5dcbbe675542d9001e5bf7987c979910f,43fb723cb16b93c31aaaf5da7aff1e837948f0e4d966efbb97c0c49f540030c0,be23c63fb4120310a92a36958d716d512c3a61da9958289232c368bf54904212fd22b602dfef373a17259cf5af8dbaae5b10b3e7d945e3042659a5495e0c6b3d
Surabaya_7b6471774d14510cf6fa312a496eed72b614f6fc.php,Webshell-samples/samples/webshell/PHP-backdoors-master/Obfuscated/Surabaya_7b6471774d14510cf6fa312a496eed72b614f6fc.php,4.67,false,07800007fe2174328f0bc55c49548ffc,7b6471774d14510cf6fa312a496eed72b614f6fc,fa5ce3ef00b86826e2bea9bd2888c535ea149310b606c4a165b0be34389d0d6d,164746413270ce7d1896925e32a2f15bc53127709737300305f73d9f5c5da782c0dcbf4477fffd8947487481d953d21fc153e0042e94052240545015b7edcd31
SymlinkShell_e71d081890697f237c5019d6b5ad7ea614b4c7cb.php,Webshell-samples/samples/webshell/PHP-backdoors-master/Obfuscated/SymlinkShell_e71d081890697f237c5019d6b5ad7ea614b4c7cb.php,4.77,false,7ed1c922867649dc5a78cbc47fc00081,e71d081890697f237c5019d6b5ad7ea614b4c7cb,d9d73331f032fcd98e3caeb14ca8aa528c58995b5ae3a2d2c1cc8e3f3ef18f00,b4b37b4c1e4d8bea7248538bc43a14082d0295449b636f6cd2965036fd9bc315875144794ab5687d39a0e120b3e8fdc65462dc425bb45e2ed92642ab6f1502ee
SyrianShell_87d24fc3000c639e95f2258741c995d601863082.php,Webshell-samples/samples/webshell/PHP-backdoors-master/Obfuscated/SyrianShell_87d24fc3000c639e95f2258741c995d601863082.php,5.67,false,a3e7a5d3d8a632c0447b4d3afba7dc52,87d24fc3000c639e95f2258741c995d601863082,be1c5faf54c5a86d5298e1d2b8eb6e5eee335492e7a6d67e97f0e92b00d56a1a,833b452a6494176d5033ad05a00fa107d2c8facc0276090d08c07d0a9056963909fbdc7a347a033136c04c97e42eb657e10e71f5a1deb33e00a3333ac491d39a
TryagShell_4378628e23d74b8da980e6c0747aa80d002b4003.php,Webshell-samples/samples/webshell/PHP-backdoors-master/Obfuscated/TryagShell_4378628e23d74b8da980e6c0747aa80d002b4003.php,5.68,false,c20b3d06d0028d3336c078594956cdb7,af321167ad3f922c6d9584819168a400c2cfa2fa,c7102136d4e092060c72240d43609407a686346dcbd6103b90fa2755722ca4f9,048675e1e595b07e0adfe00fbf2e563884ce021b0ae1e8533db1d263d2a38eeba98c46c0b852dfec333f35b19dc51232ce19beb8b60d0e5b2ffcda6c2796f512
Unknown_0ac99c707fa552e74e4da91b1f29ed24c668f65b.php,Webshell-samples/samples/webshell/PHP-backdoors-master/Obfuscated/Unknown_0ac99c707fa552e74e4da91b1f29ed24c668f65b.php,6.11,false,a0786e0e76e84bdb1f316e6807cabaed,0ac99c707fa552e74e4da91b1f29ed24c668f65b,258594badf582a311956f240f1451f789d7fe7ca69cae1f937819ed2177657d4,8fa64307a1f1b69331d236007644b63d0889c735299f5635892b0a512314937cc212a36a25fef83fd31541dde56b8532a09a771ca3f2a1efce401a01eac77846
Unknown_0ef244406df9ac7dcb7ff25cca0f193b451de8de.php,Webshell-samples/samples/webshell/PHP-backdoors-master/Obfuscated/Unknown_0ef244406df9ac7dcb7ff25cca0f193b451de8de.php,6.08,false,fe3b3d79d5f903af0d614b9add4edf53,0ef244406df9ac7dcb7ff25cca0f193b451de8de,087a03ec9fd7b19ed80f548d0143a7d7d8714aecbc5849ffcf684e87d7c9d2e0,f9c2f393c6e70f8d7b4db45f8bbd25a98b35ac4646f346f96b48aa5c7d8fb8c6e673cd845405d474fa1dab67981a41493d4dd593414f8aae25c43bfa52c5282e
Unknown_0f06c5d1b32f4994c3b3abf8bb76d5468f105167.php,Webshell-samples/samples/webshell/PHP-backdoors-master/Obfuscated/Unknown_0f06c5d1b32f4994c3b3abf8bb76d5468f105167.php,5.95,false,51503a68f152c478cee8a4b09cc02036,0f06c5d1b32f4994c3b3abf8bb76d5468f105167,6362372850ac7455fa9461ed0483032a1886543f213a431f81a2ac76d383b47e,adf6a4d3f913dabf6e9ec8f54af6e933569eeaee107ff51602800bfcf0894b4cc220b40a1065ccf100ab63dc18db5636cb753ad2fa2c6547053a28af831badd4
Unknown_1d9ead61752da7c063478e74a5314ef744e3bc06.php,Webshell-samples/samples/webshell/PHP-backdoors-master/Obfuscated/Unknown_1d9ead61752da7c063478e74a5314ef744e3bc06.php,5.87,false,876d0777a8b088ab238066a83a477f38,1d9ead61752da7c063478e74a5314ef744e3bc06,1020aa24cec1402105d0f281886b1933efaf433fcd141d9f9d30c7d4f4e71a12,30c85555a87f61f26de1d3d628c193e569ca94268dfc6e050e8181e2055b3cddc196890bdf73882f466e23dd2edee5855b78093dfd3446384026a92102cd81ad
Unknown_24d4341b128d0ae172cec8e9f0fbb88f0959f80a.php,Webshell-samples/samples/webshell/PHP-backdoors-master/Obfuscated/Unknown_24d4341b128d0ae172cec8e9f0fbb88f0959f80a.php,5.93,false,40918a6254d0b4153d7bc7cc3554d6ec,24d4341b128d0ae172cec8e9f0fbb88f0959f80a,c76ad8fb158eed6e71a3b2f83151880ee56d3e0966c052b3feb76cbdcf928520,5fb4841bff5aa3a3ad0d0c389280876d3d3635ef5fc85493188342e984d6fe2f93af2d64fa3a819da19aed74e9f7723f2c464be44dee110c14ce230f995fcf96
Unknown_276935ad64928aca8ef3663956f9f1ee672c96ab.php,Webshell-samples/samples/webshell/PHP-backdoors-master/Obfuscated/Unknown_276935ad64928aca8ef3663956f9f1ee672c96ab.php,5.85,false,d375846183d08a5841d262d13aecef3a,276935ad64928aca8ef3663956f9f1ee672c96ab,022ed67cb881c96fee12b86718faf3c54c5e0a993e5fbb6d83a4bb32f8551415,b18888e57a128a0ef66369dd6055fd1c839b289d57901055a5ffe10217e67b7310c5307a417a8365f985ba18025e73f4e7f04466a8a43bf4f28a523c72d1adb7
Unknown_2b3ff7aa214d0915554aaadffb07578b5d063e8f.php,Webshell-samples/samples/webshell/PHP-backdoors-master/Obfuscated/Unknown_2b3ff7aa214d0915554aaadffb07578b5d063e8f.php,5.97,false,c7c065e17ad59a8762baca81d5211118,2b3ff7aa214d0915554aaadffb07578b5d063e8f,d401d4bfd97006306262250e7746141eb6cc2a43f87884f9ccdb45346fca160b,2d9006fde395ae42a0d755240c26e9449410a1bdbf29ad656d48b557516cba5032441fc0369f324783cf50b4db867fa26195bc7af7351b5ec427da51baa4ed06
Unknown_2d2f09385b9f1d0477e026cde65718ea0610dc64.php,Webshell-samples/samples/webshell/PHP-backdoors-master/Obfuscated/Unknown_2d2f09385b9f1d0477e026cde65718ea0610dc64.php,5.90,false,26bfe334cc06d51aded526253f3f42c1,2d2f09385b9f1d0477e026cde65718ea0610dc64,ca9a85d97e62f0e25315c311f815fb30aa77d8dffd169f33b0af2f9a03fc6a40,54952e0dfaa3c6effaad7e52955b255470294471143a4680263787a8144fc457bc1fdef97bd92fd912842363722a93814f32567110e02ba0f0a101dfb44d7c48
Unknown_384122d882f4851a2e141a7f279c1cf279d08d51.php,Webshell-samples/samples/webshell/PHP-backdoors-master/Obfuscated/Unknown_384122d882f4851a2e141a7f279c1cf279d08d51.php,6.01,false,5b421d165234811ccdde6b14be0991dc,384122d882f4851a2e141a7f279c1cf279d08d51,68573f4ec214f5529a2d5792c03020a23de34891858f337a40066f7be16f9c02,8e20eceb848a9aae118ce17ca0f421bc30da2f9f36d8f476e30b2c3b42c8b4dac74a9e9f033fd68896ea17590ed15d9760e8b2636906de2587dafc1d6130d0bb
Unknown_419170158bde251f7f36e4170239a772e1494754.php,Webshell-samples/samples/webshell/PHP-backdoors-master/Obfuscated/Unknown_419170158bde251f7f36e4170239a772e1494754.php,5.86,false,1d943b8040672d36ca21e32aa754da9e,419170158bde251f7f36e4170239a772e1494754,c8887c6d658b25806a9abe7f8ccbe16368ad4d5efa1f51b04e2a55e44b07749c,b1d191021d0e523832bd6f55bbb88b03dbfb1a2eb2764d3425c7072d52f6c7eb0e85d61f5ba5a1ef7e885df2c0f9f169df9328684f8d932cee41160ba866942f
Unknown_4208d4b2aa095dfc4d84224fed831d615ac6f0e6.php,Webshell-samples/samples/webshell/PHP-backdoors-master/Obfuscated/Unknown_4208d4b2aa095dfc4d84224fed831d615ac6f0e6.php,6.10,false,4fd140e14d9546f5d9d964762379849f,4208d4b2aa095dfc4d84224fed831d615ac6f0e6,c5f50c1983d918bafa939a43efcd098c789c7ac551b16b4e17ed1fd9573e1f9f,3df883fb8412244d74f8c1f2e11d0877103e8d4c2ba31c912e3120edfd1cec9d55ce9c71e4892256830e8224d41c6d5867c2492c0bf3c0e46bc7d9b3593c2337
Unknown_4255b1101043902e226275de4919264ff3558158.php,Webshell-samples/samples/webshell/PHP-backdoors-master/Obfuscated/Unknown_4255b1101043902e226275de4919264ff3558158.php,6.10,false,dbb53840121787818a3f563589d2f814,4255b1101043902e226275de4919264ff3558158,eaa15f439da1812a6cfd66916671f9acb9f07aa57a938d94c7d5d39faf824fd3,510a67a27313a171a69fe16085e5c407974c445ef0144e95a9132e6e892791d11738ccd05f829e8b4aa4f53748889de015934d2b3b5e3eadf1a2f2a8e8b8ccfd
Unknown_43d74d2c5cde90e74059112321f3ac929b733d36.php,Webshell-samples/samples/webshell/PHP-backdoors-master/Obfuscated/Unknown_43d74d2c5cde90e74059112321f3ac929b733d36.php,6.07,false,4ed1d028e8222ac57625e9633bf38b39,43d74d2c5cde90e74059112321f3ac929b733d36,9d62389b1ea2e2cbe9c39b3d6c32755c2e8a99b9f2757820275da1e50239dc4a,6e6c228773573a8265d34d4decf7a5edcf052a710dcc982ed27bd7d20be7ef14e44629557cb20d9346bb9b6b92bfb2785bf90b3ba34d377056d0caba61b8a5da
Unknown_4c455106fee7e67a867622fa530598149d7df80a.php,Webshell-samples/samples/webshell/PHP-backdoors-master/Obfuscated/Unknown_4c455106fee7e67a867622fa530598149d7df80a.php,5.75,false,b033a3747e8e64202ae947fb6a7a2e4e,4c455106fee7e67a867622fa530598149d7df80a,ad968701ff2b49a5fada858a80715fe1fbc1e37e01be3a0cecc12b5b61906fa7,49df86c51e099b91b6e66ffcb15ef0a79220569d7cdc19ef6ff3fa5f1f69987db20b6357d9ecf4da999158eb562802669f44a75a1a8c4f48c619b6a374ba97d3
Unknown_59f45752a49acdbce75fd509e5c7175a05286de7.php,Webshell-samples/samples/webshell/PHP-backdoors-master/Obfuscated/Unknown_59f45752a49acdbce75fd509e5c7175a05286de7.php,6.15,false,a356b181fe4739a1c831b97ebed6ba96,59f45752a49acdbce75fd509e5c7175a05286de7,7f14f3e3f4de0135a047c881953862fddcf00ef19af17a29a9f4b0d7e5fd6e57,191b6fd8babe6fae3c1357dd54c87eb120d5c8f00ed409a8d07c5f8ee1604f04e1b0a71b0c744ae71904a3fe3d1d4204d354e44e451820af8af8c3571ea1986c
Unknown_5d39e5e58cb9adc76eac70826e328f8343761994.php,Webshell-samples/samples/webshell/PHP-backdoors-master/Obfuscated/Unknown_5d39e5e58cb9adc76eac70826e328f8343761994.php,6.10,false,40e0560547a5ecfb960982f561fb5876,5d39e5e58cb9adc76eac70826e328f8343761994,c87232dddcc8ffd5d2091fb0a25df0416e8c5aa3b1f215f3feb46be5661050e5,08ee2988ce9fec096a45630bab0cd3e96fe7122ec055fbe5116c31d226d3bc5532fe03fc5221e0851027efc7df9d9dae1674208bed7d9262f8f8e89c78c72c5d
Unknown_63e22f2dad6485eff1b516666443220c31a83173.php,Webshell-samples/samples/webshell/PHP-backdoors-master/Obfuscated/Unknown_63e22f2dad6485eff1b516666443220c31a83173.php,6.17,false,4c3dd16d8c39fd20dad69048df8bb777,63e22f2dad6485eff1b516666443220c31a83173,b7e7e4a8df2561a06c3f2399aa9fd23a989c8df2d8f97e5f282eb1bfadd96eb1,ec2bd325f800120587b48ae33b38f3b44847e66522effea222ac47aa0b3369a4c022e43e95bff97415be9cd4a29822d45d49ad62ace051bb30f057c8d3bb2c0c
Unknown_6520081b54fe18be3129468716bdedd33f79e2a4.php,Webshell-samples/samples/webshell/PHP-backdoors-master/Obfuscated/Unknown_6520081b54fe18be3129468716bdedd33f79e2a4.php,6.01,false,6705787bb3de02626a338c47311580db,6520081b54fe18be3129468716bdedd33f79e2a4,5d24f39766a13d66c7c34f551a901a280de4096a0199d2c59a5d073daadcf022,1b2b6e12d5e60ab862873194cbf22fb76c02eaad391ec7c92fcf56254a542d2daa4b07940a70a2b5281dd222629a4419ee8e835b343937c4a9ccc244ca7915f6
Unknown_840e6086b95c6030b5340f98160fbb389fade374.php,Webshell-samples/samples/webshell/PHP-backdoors-master/Obfuscated/Unknown_840e6086b95c6030b5340f98160fbb389fade374.php,6.10,false,89b198f599137b222c75cc378a43c0ed,e9034bbef6711752a2b9e221a5af33d044208a5e,6e15425df064586960018f0eabd45c14230fd5eb1b919ade4ca009f212d562da,8ffab24a89dc4f2ac028e9d3d4d01f6fd774ebf4841b5cb50122aa3dcaa38c38c2387a180ea71a65acaa4f327a0bba24699bf1e86440af8ed91a6a1ca60e22cf
Unknown_851cc138b197afae9e1f24d7ac8e7f7e89bff85d.php,Webshell-samples/samples/webshell/PHP-backdoors-master/Obfuscated/Unknown_851cc138b197afae9e1f24d7ac8e7f7e89bff85d.php,5.91,false,8fe42d5d8039dd0a961c026077e3c5ff,851cc138b197afae9e1f24d7ac8e7f7e89bff85d,88e9753af7f78f64ed66913b981e133f98fdad5bcfaabc7ce34717cdf96a7d45,6ca2129acf887b4a22222f747ad4f13fb2bc0030bdf1e4c17c42a9c3573aea75964a2f04eb07847b46c1311e338a6cf63e8ec4de6629c2daa59219c3f8856b99
Unknown_87adb0b57caee25ac07b8ff4ec9f45728eafb560.php,Webshell-samples/samples/webshell/PHP-backdoors-master/Obfuscated/Unknown_87adb0b57caee25ac07b8ff4ec9f45728eafb560.php,5.84,false,6841980c0737d5cbc1ef42fb82d6c44b,87adb0b57caee25ac07b8ff4ec9f45728eafb560,10e60c6d1aefd2303055cd852f8bf77e41e0798d7d9a8cdd6a3720414404368d,2e3bcc516b9eb19f41c52a33fe1f94ae048cba4849fa9e0b79aea16a57a2b0b3a6548bad14e054641c9687d223860bfebd0106c3de4fb490fc8f32efaa1b584e
Unknown_8af033424f9590a15472a23cc3236e68070b952e.php,Webshell-samples/samples/webshell/PHP-backdoors-master/Obfuscated/Unknown_8af033424f9590a15472a23cc3236e68070b952e.php,5.88,false,8320c33e4d2685ef3f2956f505083aff,2425963dcdedfe8b3740d5ab27fa6fd560bf31a7,3382b5eaaa9ad651ab4793e807032650667f9d64356676a16ae3e9b02740ccf3,cddb2fdbc9ee5162a03afc42cf6b78a82680916bf05602406645369a0a2362322e33a42f274804f23089bf3fa9e8739f4a7ff39c5d89057efe74ba83f8a79bab
Unknown_8ba4e5bbd60b384f855aa328a9a4f4e6c63007fb.php,Webshell-samples/samples/webshell/PHP-backdoors-master/Obfuscated/Unknown_8ba4e5bbd60b384f855aa328a9a4f4e6c63007fb.php,6.17,false,057dad3576c6a5c9351e817b623af625,b8e4ce1074304153b4836e3948883091449b14a3,451b21bee6ab31788eaadf0893a9c1826ba4b8ed326b24a813aacac157d1d15d,552d02161d801ba5f77e94d60f84a4d1bc65b1fab94c67255f110b7e0c8865c0c03cad1377f062b49a235541b2e958aa96fd4e2346d908b029c1fe116d312d19
Unknown_911b661c3b82472fce6f4210678742188d3506c4.php,Webshell-samples/samples/webshell/PHP-backdoors-master/Obfuscated/Unknown_911b661c3b82472fce6f4210678742188d3506c4.php,5.98,false,652b0ce9307eaea6d63ac267962b46d5,911b661c3b82472fce6f4210678742188d3506c4,31f00fb425150028132e637cb72f6be31c024a63f7e21262f7705694ea785329,1b1570026b7a7bc3c401d0f04054a75bf2ddcbb4f6b349a03dd5209bb4cfae0a2375246a2cb1cda701d8097db99699dea05c68b80b4ecd0d7cd7757652a92c30
Unknown_9381900cab3a3734e9fe982f3e87d0ff098de8b1.php,Webshell-samples/samples/webshell/PHP-backdoors-master/Obfuscated/Unknown_9381900cab3a3734e9fe982f3e87d0ff098de8b1.php,6.09,false,a804989f1ddd740750b916a0a4a8215c,9381900cab3a3734e9fe982f3e87d0ff098de8b1,9e3120d8127a1756ea28bee88894078609f5e35ad9c818ddeddbdda71c9d7b2c,58a8dc0a2741d0bc7d1515a201f89f43aa89a7770e98557c3b650820f0b1b6d27c47bbda201bf13d9ce339ee267ec7b02a3e10a1f5c0a540fb902ab1e32ea00f
Unknown_9b9f95b8005a12991d189bce96299c6396b666cd.php,Webshell-samples/samples/webshell/PHP-backdoors-master/Obfuscated/Unknown_9b9f95b8005a12991d189bce96299c6396b666cd.php,5.98,false,59671a0b86e89502476a9556d6fe2696,9b9f95b8005a12991d189bce96299c6396b666cd,0ededdc20d95f331dbdcaf57e332c43310b27c2b0927e94f613ecbca7b0a4753,3dbb58cfbfe4a64fe2c972c3854a48b0aa1542a602c98369805806f332451e082ef5eed6e7f0f8851e84b6d48c0d3ef6059aee3be97426983725d1c0a303f1db
Unknown_a2efe882d79dcd33907eee7d76c435ba018e1079.php,Webshell-samples/samples/webshell/PHP-backdoors-master/Obfuscated/Unknown_a2efe882d79dcd33907eee7d76c435ba018e1079.php,5.91,false,146e7cf780173f0f87fe32d48fb55541,a2efe882d79dcd33907eee7d76c435ba018e1079,1c5725930852e74c914ba124f914a1a4429f921e2b705ae07ad3d797e421525f,885be10ea79e6682bb8d879b0a4207f04cec5082c4de2363c2d5d97e6f2669310ebf0d54be8da851058f362b39259531a0dae5045cd4247fe3b4d477aea805db
Unknown_a4177e67ba1f8d4ec29c205f414ef9d00d7bf46e.php,Webshell-samples/samples/webshell/PHP-backdoors-master/Obfuscated/Unknown_a4177e67ba1f8d4ec29c205f414ef9d00d7bf46e.php,5.98,false,40b6f1959ee5dc63f9b82145618ba3ce,a4177e67ba1f8d4ec29c205f414ef9d00d7bf46e,c74c7606fd2b0d5ef18a9c389de9dc84c0189518ae47d362b10ebba280f046a3,208c959ad6be7ab1282c5161587f62d1a6ae4be5239910ecb733e0a279b889850c3ddc9eb3c289c4fc21bd0697faae6bee549b3a35d985e5ff9567186c2ea746
Unknown_a55c0704d34e5d143245d29f2aba88f6a6766c2b.php,Webshell-samples/samples/webshell/PHP-backdoors-master/Obfuscated/Unknown_a55c0704d34e5d143245d29f2aba88f6a6766c2b.php,6.16,false,5de95bf720b87f138b99e58da9782cbe,a55c0704d34e5d143245d29f2aba88f6a6766c2b,0686aae8bffc6229ecf40d3015d3869718a2268092daf8110b02e0cb0dec3314,740dc6af0ac44f719c965255297e6655841659b6175c12429325bdce1d9262ad72a11251a0e1f64ba67096c40ad2a3fee4bf5748ab02a8d3b803f8e80af57a20
Unknown_ad9b49a3b52e76bd39207214c4ffc751e386cddf.php,Webshell-samples/samples/webshell/PHP-backdoors-master/Obfuscated/Unknown_ad9b49a3b52e76bd39207214c4ffc751e386cddf.php,6.03,false,66799ef51f3a25ce2ebae5bd6db9d18f,ad9b49a3b52e76bd39207214c4ffc751e386cddf,ee6ee57177f73d1cd167580977f3a0fda338a4b3623581d8e0af392aa8adea60,68b19b660c8ea48c0d2b90374a91dbec7b64f92b38847140240d1c32c60b07646584b4cf05869eedebf5dfac0518c586af6184d0d1d5a96b2675ff7413e1cd63
Unknown_adf70ea47d6b37a924fc9054f9b72eda29dc2f5e.php,Webshell-samples/samples/webshell/PHP-backdoors-master/Obfuscated/Unknown_adf70ea47d6b37a924fc9054f9b72eda29dc2f5e.php,6.08,false,4c5ce8e7d42eeb6ecf7625c15263f39f,adf70ea47d6b37a924fc9054f9b72eda29dc2f5e,a8d1a71c1a7061264283caec841c45bfc43589362920690cef9a2fa1d084e486,f92ca6f0f41080f2b04cb046cf0fff139e56a70bf7cc5d036865b4cf3b4df38c8a093f02bdb006d6fd4d69195702c81610321478eb9e045171be138805993b1d
Unknown_af265eb5f6f05f34699bb9ac5ec232b444be1cfe.php,Webshell-samples/samples/webshell/PHP-backdoors-master/Obfuscated/Unknown_af265eb5f6f05f34699bb9ac5ec232b444be1cfe.php,5.92,false,50e218c1b395ac1867190636c604e87a,af265eb5f6f05f34699bb9ac5ec232b444be1cfe,174eeb5e0427c4c5c447a63dba94ba8c0f14fb28b6e0d6ca624a66c3123820cf,519a5b53fb89da938756c7d6b24f0a2181e97c447956407e4eddb7fc25b6f5022fb47934a71c15c41169deee4268e5aa493742428028929e7595280ccdca95f8
Unknown_afa5e25ad0a8a2fdadf26863b2ff2af79207b3ec.php,Webshell-samples/samples/webshell/PHP-backdoors-master/Obfuscated/Unknown_afa5e25ad0a8a2fdadf26863b2ff2af79207b3ec.php,5.97,false,752081881c3848cae8e395cd0d4422ca,afa5e25ad0a8a2fdadf26863b2ff2af79207b3ec,2468fff3e92a6e8ccb9e51d83028724d39105de90611bfd92d55766703e29061,d72cd5a219e6b64c485e003d3645aa3ff13142d910e8aceedbc2a68691c99a184819070ed6c9ad075bf3b73b1c3c3b1f26ac7825d162e3e11d7b336285160303
Unknown_afdb2cf061897a383718ef8c59e9be10fc76d1c5.php,Webshell-samples/samples/webshell/PHP-backdoors-master/Obfuscated/Unknown_afdb2cf061897a383718ef8c59e9be10fc76d1c5.php,5.96,false,ab08fa1dd7683437ddfffd14096bcec6,afdb2cf061897a383718ef8c59e9be10fc76d1c5,7354f4498f27e4086a3fccbca22e47bd2113c07149bcb1fc96a59d9d92de78d4,bae04bceb60e09eec3e53ca801f844fdc904840e374d1aad4b70e40b3f66d951563d096209aa939a21d70ea1d0befc3a5bd8b58460783f741ab24b992fe6bb97
Unknown_b5ba25ff0ec75761b0168f5c24f8419aa9e8903e.php,Webshell-samples/samples/webshell/PHP-backdoors-master/Obfuscated/Unknown_b5ba25ff0ec75761b0168f5c24f8419aa9e8903e.php,6.14,false,a309003bbb99b6005ff8c4c31f1bdff8,b5ba25ff0ec75761b0168f5c24f8419aa9e8903e,769409ac5bf53731cc0b70c569a8036c8d9265e14ed92e6726ca23cc681879b9,f66ca86f50473f149c16c47fa78abe36ac941ebc916bc09cc744cce90156dfbda199de5105611a179f7d7a8d72b35dcf4573036bf8741565b7f3185e5766688c
Unknown_b6f898e46c37a068ca52d3aa238be42ba86618fb.php,Webshell-samples/samples/webshell/PHP-backdoors-master/Obfuscated/Unknown_b6f898e46c37a068ca52d3aa238be42ba86618fb.php,5.98,false,e0efded8e3a23a28db2540d24ebaed3c,b6f898e46c37a068ca52d3aa238be42ba86618fb,9661afab521880a61ba88f0bd77950e2d252f7fd8a67b3746cd062da783c35b2,1e9d89e91f22f5e885b04f113def81a0f89749c1c55c34c6ac0f1604f95e0e91b76fe8f33908868435643e9c6b8956c563212199b248bf963991f1d30805fc6e
Unknown_b759a3ad75590927e0b70c3f8a90181f4d63900e.php,Webshell-samples/samples/webshell/PHP-backdoors-master/Obfuscated/Unknown_b759a3ad75590927e0b70c3f8a90181f4d63900e.php,6.14,false,c2c5b887839c7d7db8b95ee89a9b506d,b759a3ad75590927e0b70c3f8a90181f4d63900e,6f31616b90239bb340da8cc57f2778abb0d0b1f2a3ec7c98596fdb0e1a4d81b1,c92d52718284046952f6fc7872a84eaf8cfac8270f58c8f8b074c291e752e5c373d1c6950d987bd42649ed88a9b0c1d0e9ce805bc8a95a553756486ea5499248
Unknown_ba1ac206e13a7975ec8809b1e091c898ef545730.php,Webshell-samples/samples/webshell/PHP-backdoors-master/Obfuscated/Unknown_ba1ac206e13a7975ec8809b1e091c898ef545730.php,5.87,false,df96e7e6711719a015223dbb97522554,ba1ac206e13a7975ec8809b1e091c898ef545730,9195ccc0597355a8e820dc2304f27199ab47333d69634e65ccbc29d129a0f1db,33e1be30401d8e549a95862a9ec3538598e027901b8217529b01dc2f05c11bfb651f09c3f34fc9f561b07d474feb9ab64afa055ecb911d4de72a70d96ec636fb
Unknown_c17433899e87dc065f3e6eadd26d92e82a62db08.php,Webshell-samples/samples/webshell/PHP-backdoors-master/Obfuscated/Unknown_c17433899e87dc065f3e6eadd26d92e82a62db08.php,6.12,false,028892b3706d58a73e82c221a3503b6b,c17433899e87dc065f3e6eadd26d92e82a62db08,a43e3a5f124070a5c138b3a7353acc4b8abbd2394b5e0989ac20cb9c0fe9c69c,615d793b1964ac3a486af5be4d03fb574b8a0a730f48966def0fe91573806557ecc494b409c2d6fb1765626a2999000e898fe622758fa57579b218815c3b8010
Unknown_c1ae2197339eeac851487c9c2c2db9bc99a4e986.php,Webshell-samples/samples/webshell/PHP-backdoors-master/Obfuscated/Unknown_c1ae2197339eeac851487c9c2c2db9bc99a4e986.php,6.00,false,98242000ecf9e796ea8454d08a62d4e9,c1ae2197339eeac851487c9c2c2db9bc99a4e986,1969409e5b101b6c6a4429a790af62c295dd6a68065cfdbdd57aba6f417262a5,d6cfa55450cbead45e3af25d7e534b6b9d4d6c3086538eaab38c1fe398cc5e9491b0181a58344213862920a02e6c69170ab870501d4f373b56ad6db702cd4b9d
Unknown_c3fd85d22403080063cb75dbde725faaa19d12b4.php,Webshell-samples/samples/webshell/PHP-backdoors-master/Obfuscated/Unknown_c3fd85d22403080063cb75dbde725faaa19d12b4.php,6.02,false,c7994062f7d59258d0289f5302f3547f,c3fd85d22403080063cb75dbde725faaa19d12b4,10e7bc27d67a8fb7337b024d75fc9168a1edbae073d02adbfd3c6037d02032e2,e4a443ffc3aa80635b6de7339f444cb1c273d09abb22991dbc1b9d2cdde59a3b1b10735e21e4a22d18ccff0b348f2b3d3f0c46950ed22f812df2d06c4b5de7f4
Unknown_c702e5e6661696e6803fac9960a4537340a4f974.php,Webshell-samples/samples/webshell/PHP-backdoors-master/Obfuscated/Unknown_c702e5e6661696e6803fac9960a4537340a4f974.php,5.96,false,d82228697b61af08533bcf7096b85722,c702e5e6661696e6803fac9960a4537340a4f974,705d30867a5864d4c0e970ba8db946820a79566a3d6a91c9941dbaa122d0dc43,e1a400815a6370350ae5e7400d717d90bea8a84aa6f3d64028b02d62b44257e593a167374dd1fb78679de8d25d838f6591e542d6b8190f24ed090aa53d455d9c
Unknown_d88733ed68ddb4a6f715d6a2c889d979c3ffef63.php,Webshell-samples/samples/webshell/PHP-backdoors-master/Obfuscated/Unknown_d88733ed68ddb4a6f715d6a2c889d979c3ffef63.php,6.10,false,aa8abaf9de552c1f066f1a1a2df88973,d88733ed68ddb4a6f715d6a2c889d979c3ffef63,bc112a4c3a9c07e3c491930c0d14abd705e531b4b64bd562429125f51281456c,f9cf01181f05998da6dff2fa23ac2eb15a76e42bd525c0e5b866edfcbe83719460f008df00d5e12953542cceac744b087772de5852971f5d3a24dfee9b6e8446
Unknown_e52ed8c1cc84f35ec7cc3cfaf83fd0e619fdc553.php,Webshell-samples/samples/webshell/PHP-backdoors-master/Obfuscated/Unknown_e52ed8c1cc84f35ec7cc3cfaf83fd0e619fdc553.php,5.16,false,4be0d1ad6294b254d1fa5446b871d100,e52ed8c1cc84f35ec7cc3cfaf83fd0e619fdc553,12ba933f3b7178a30f3dd0c6e0980d1429c06acb9966e6b7b846fa59c8919bd2,f5220f01935763394e446618b2f5e1f29e7e4a135d5294eefb416c697e7e115378041bd8506b3388c031ada22d80476eae92c9cf98dd290cdad4a00ba51c7bd4
Unknown_ead59aab3c6c886cf92b7e09b10d62c1db071eeb.php,Webshell-samples/samples/webshell/PHP-backdoors-master/Obfuscated/Unknown_ead59aab3c6c886cf92b7e09b10d62c1db071eeb.php,6.10,false,238e73a33f4b778482441a31e5f8cfb3,ead59aab3c6c886cf92b7e09b10d62c1db071eeb,d9dd1a80f395eb42b3bf0215bf434d5f044a33362d202305c25f4c35f7b5ff18,c826ac55c269d348c9c4ebe4df93fddb3199c4c00aac024fb8d6e1a6c7edbef1f20f9c14a0d3ce6068f1e32b31fe527ef0ed10de2e02d969d5a202e012fb660d
Unknown_f0a473e8d482bae666a37f0901b815659a95a846.php,Webshell-samples/samples/webshell/PHP-backdoors-master/Obfuscated/Unknown_f0a473e8d482bae666a37f0901b815659a95a846.php,5.93,false,e5e6ce51d0e541d0e11f446d9df1e22e,f0a473e8d482bae666a37f0901b815659a95a846,8e095ddd5cdd45716664b292b1af76786fad2e60421b3a03457a04b55396abdc,7b648b780e9f01587caff18f656a9d94cae157f83329b7b16025ee82519c37858fadbb966a65ded2cb1eb789dafe5fc5f5f51050145d8b4ac813f654fccbb0f2
Unknown_f63e20dfa521e062ea3c60ecafe3d77d61412942.php,Webshell-samples/samples/webshell/PHP-backdoors-master/Obfuscated/Unknown_f63e20dfa521e062ea3c60ecafe3d77d61412942.php,3.36,false,025fef7557800449d046e94bd04dab35,f63e20dfa521e062ea3c60ecafe3d77d61412942,de264d60549c163654df65ad30eaa648ebd4d6f6cc5d2f122fdc8ae2810b2a9b,c169cca44e8c9c9e2c7cd9aa2a4e35fa35afc12602b310fc51422c7627d6181a06eff1b32f5368efa0a3e3d604370ea6c0c31fa60bb0cce7d7c48bed1628f1e7
UploadShell_64d4bf1ffaf45138a9329ba4fe8feed863ae5813.php,Webshell-samples/samples/webshell/PHP-backdoors-master/Obfuscated/UploadShell_64d4bf1ffaf45138a9329ba4fe8feed863ae5813.php,6.04,false,d6f06f6af30838dd72593bd5ec513b89,77294499aaf8c3594df75a85df1b1bfd48c0dd69,e8a949230fb445fb61b0580c7812d57b183d9d8c203f6667945e820134f660ef,0f66338ab8abae80f57750ee4d18300819c79dc62033f50a28b220cd07e31ef418809b2ed10faf66188ae3ef304ff3f720240ec4dd02141375392f587d50a82f
UploadShell_98038f1efa4203432349badabad76d44337319a6.php,Webshell-samples/samples/webshell/PHP-backdoors-master/Obfuscated/UploadShell_98038f1efa4203432349badabad76d44337319a6.php,5.98,false,7f44f785785153f388dcdcc21ce5b6a4,a26b931d302a8774b82a8f81120734f86ad2c885,506a6ab6c49e904b4adc1f969c91e4f1a7dde164be549c6440e766de36c93215,5ee2f7ed40496337800676a75a490f070ceb86470c8e1e116ea02739b5ead6af46e52d55c03a11000fa0fc16460bee3c979f80ebf1bce63fffdb28589a7ff037
Uploadshell_2d2c97278c4c684e924a417dabfe95fd154961fc.php,Webshell-samples/samples/webshell/PHP-backdoors-master/Obfuscated/Uploadshell_2d2c97278c4c684e924a417dabfe95fd154961fc.php,5.71,false,91f6d0483475e7e730d38552ede90f9a,3f4993199c0933eb4c48818066ec720b41db2d06,078255a3d8d50c7d4c20c303a93a9b2dd9780b4c8b1cfb980ebc8098f3495df7,a1f6e03f80c9d833cbb88898ed876a798529f6b9df0db25d58326275514adf4a46a379895f29e92dc0026506f672f90a95a78c75da1aa3beb468e1b23ec9132d
WSOShell_03b00030476b0e8e4222991a3057181ba5b04b91.php,Webshell-samples/samples/webshell/PHP-backdoors-master/Obfuscated/WSOShell_03b00030476b0e8e4222991a3057181ba5b04b91.php,5.70,false,2ff10aca53aef7ee45a93d2701d75f05,03b00030476b0e8e4222991a3057181ba5b04b91,2f6349be1f60d8d301b2692ad23a4662bea9c9efcf012090b33dded25873aca1,972f04071134afa3af0e3025207f6c027fc79a0b36131847accd5053095b52a634a02575b657a1720f40e4344cac9963c349327cf55018e8238a6bc043841a7f
WSOShell_0bbebaf46f87718caba581163d4beed56ddf73a7.php,Webshell-samples/samples/webshell/PHP-backdoors-master/Obfuscated/WSOShell_0bbebaf46f87718caba581163d4beed56ddf73a7.php,5.77,false,704627682042aa2b6f521dce71d8cc3e,0bbebaf46f87718caba581163d4beed56ddf73a7,d053086907aed21fbb6019bf9e644d2bae61c63563c4c3b948d755db3e78f395,5d8912e2f4fda160e7b314f013ae358882f13dcfe9396de89fe858c8e1ee3207b1fb69e54b48700062ca707b7407c094f22c11a91c68ca27fe75589572c52e3f
WSOShell_1d2746a23a5201da7a0e89ff52adc3e8304b98a2.php,Webshell-samples/samples/webshell/PHP-backdoors-master/Obfuscated/WSOShell_1d2746a23a5201da7a0e89ff52adc3e8304b98a2.php,6.07,false,cf0904951d840b3fe57ee4bf5c0ffc52,1d2746a23a5201da7a0e89ff52adc3e8304b98a2,4e19f5c49f18e80f7893e1e75fc990474136755d10b61ca0cb58ae7ceb60d4f5,3a47980d3a4ba45184c82d7ad5baa2f468366af4c5a17911c173d8add3dd6d33afe1e15dd154f1ac9d70c91fa2014774bad0952d2e76ae5db92d36e4e1589b75
WSOShell_606ece05d586d7b76817fbe10634871aa286222d.php,Webshell-samples/samples/webshell/PHP-backdoors-master/Obfuscated/WSOShell_606ece05d586d7b76817fbe10634871aa286222d.php,5.68,false,6b9eba62ccf6b1dafc8ba69d58184a90,764c8b838ba0fe0b69866c2dfad3295d90cd45bf,36a8125694531fe629073bbad1907193a830110678feee5253bd93e61bb2b72e,e8c59a80a9ed68277061d9e2f93461bf7ce45071a3f1c7eb826240626d5efb60dbacf4ad2454e481f45498302f160d771faf58ab92c85508a66b6423c15bcf64
WSOShell_62359bebc5f5ff2a2c0989dd95eafc6994ae5a5c.php,Webshell-samples/samples/webshell/PHP-backdoors-master/Obfuscated/WSOShell_62359bebc5f5ff2a2c0989dd95eafc6994ae5a5c.php,5.89,false,355648fe202c107d2d8196c053cc1be2,62359bebc5f5ff2a2c0989dd95eafc6994ae5a5c,6420a12e88214525cc4ab7a1875ab61cefa82e1a27347dd61d856fd67269cb94,1d270437479c0365915ff8bdf3913bee1ab204e2316f5a0ce42bfc0bb74ce550d326f1b599765c098f5a4c04091b66e0c0f7be05226da4212968a132b2e696f1
WSOShell_7b7394a01b0d5b2cf0477f3d01cbf9226fb7b2b4.php,Webshell-samples/samples/webshell/PHP-backdoors-master/Obfuscated/WSOShell_7b7394a01b0d5b2cf0477f3d01cbf9226fb7b2b4.php,6.04,false,b7a29ab2e5af9824ac03c53dba86ad8c,7b7394a01b0d5b2cf0477f3d01cbf9226fb7b2b4,724874f84955b0dcc780e30377a5562df65f0b35edddc73b1d2e7a73d608fb61,5e715bca540324f7057fa57ba30065f4ba937d3fabaef0f1a6e85d8dfac48ad4b77ff80c5e5529795c6e5228325945e899a223f196d68684ae912881f732edba
WSOShell_f4f51f6511eac033af7c6c86a1f1e9802c78d5e6.php,Webshell-samples/samples/webshell/PHP-backdoors-master/Obfuscated/WSOShell_f4f51f6511eac033af7c6c86a1f1e9802c78d5e6.php,5.68,false,d92ac8f5704fd94c96bd2487ffa56f27,8f47e26e6b753bb5f16e59a5875e088b1fd769f2,d8fd54f4e2a3ca7966514170ea18c8005b8e06e208127a801b07f5f7b1d902a3,0f0f407f0b79e128c8f4239f4d63f1df759860a7a6f8e65067224ee707e164f12adba24dc47cb762126504c49e4146af17fe5e76448462e61d2a10903b27b242
WebShell_0ba8e8b6c1334b8335a9a9374bfb1109c0371478.php,Webshell-samples/samples/webshell/PHP-backdoors-master/Obfuscated/WebShell_0ba8e8b6c1334b8335a9a9374bfb1109c0371478.php,6.11,false,f34ee39c75fdd981045d6a5596a9702c,4adbe35b3a2939ed8bbd5ce6c244dcc2d3e8557f,c817a490cfd4d6377c15c9ac9bcfa136f4a45ff5b40c74f15216c030f657d035,53f7ae26a0794282bb25084b6d81b89d9f2664819f5c07928d504acbcfefdbeb4d48f8f2c32ffe2a9d274e7cefadbdc93a8cf5af1f6b8a0fb5be84196c4c8f29
WebShell_25782c2ea1db14e0131e8bcbb3e11587d66478ef.php,Webshell-samples/samples/webshell/PHP-backdoors-master/Obfuscated/WebShell_25782c2ea1db14e0131e8bcbb3e11587d66478ef.php,4.86,false,125964208f8e86dacd16905a23aac8a5,25782c2ea1db14e0131e8bcbb3e11587d66478ef,69b9d55ea2eb4a0d9cfe3b21b0c112c31ea197d1cb00493d1dddc78b90c5745e,94540bd69c5ed122d972b7f8541036f86f4116f98db2c3478aa011ddbecc893fdffb3e2f2d3e465ed3c7355ceaeb8da6db3e771b00b9295678a4914e4f5d0d3f
WebShell_2d25c1677517b0926bcd6fe0cbea03a9a9cc93bb.php,Webshell-samples/samples/webshell/PHP-backdoors-master/Obfuscated/WebShell_2d25c1677517b0926bcd6fe0cbea03a9a9cc93bb.php,6.02,false,80b1160697ac4305dc7c3eb2e898d01f,2d25c1677517b0926bcd6fe0cbea03a9a9cc93bb,fb6e3cb94a7ccd13ad52937e6603312938d4a5982fd452b441a37537461eccfd,a7b27615822f03d1833dd576d176a5fca40df0b58f24e7835555ebac97d4e161bfc4ec3fd8e5c1d1e2dc4fb2913898f217a5945685db8818614c1da43ed82132
WebShell_5786d7d9f4b0df731d79ed927fb5a124195fc901.php,Webshell-samples/samples/webshell/PHP-backdoors-master/Obfuscated/WebShell_5786d7d9f4b0df731d79ed927fb5a124195fc901.php,6.13,false,d938c26cf385973c05f1f97600cd6e73,5786d7d9f4b0df731d79ed927fb5a124195fc901,b1733cbb0eb3d440c4174cc67ca693ba92308ded5fc1069ed650c3c78b1da4bc,2f133ece9aa1c113333fae881079dac659ccc6a5b8afd8e3105687c9d39e30be1a16b770ba9889cfc220c0a6cb565d6fb8cd2c6f812c48b5ae9bb114e3ac8e9e
WebShell_688808f3d639cb6ea66ca260afe75f03321a3206.php,Webshell-samples/samples/webshell/PHP-backdoors-master/Obfuscated/WebShell_688808f3d639cb6ea66ca260afe75f03321a3206.php,6.01,false,8ea10aaabdd10d04d7b4e585f1de7228,8ba8684e134e6a5da5f8aea1455eb4d969a1e9e1,c5be86518a3b54d39c35fb4ae88fac85beb788fd851e362bf913e2bab6aee532,040f64a295362a8579f244f69b60ece1a2c738cddb92987f50a21bbecfb1acec6841f9faecf182eaa2c4de0e1aa13dca0c8ef1ba5ecd5743f43e779f423cfc4c
WebShell_72eefefa70113ee455de66997a1aa68a2ad358d1.php,Webshell-samples/samples/webshell/PHP-backdoors-master/Obfuscated/WebShell_72eefefa70113ee455de66997a1aa68a2ad358d1.php,6.09,false,a7f841b1dc18c1d500154e742639ae1a,653442d0d32d177630cfecb59d0eca6424aef357,e697d2151c1f03f26fd00f973975b5f836bdf92c01ffa8d024578603bf75f197,3a782609533b0f86dd8ce117d4407aca7d7c274dc0c9b993bffd5c3fac9a421ffa0269a28fc1a4d259cab07653c0702522742acfe84f38ee1f0458f2d7c1eae1
WebShell_a679659c9efa3c899462f08c78755b1c04753f73.php,Webshell-samples/samples/webshell/PHP-backdoors-master/Obfuscated/WebShell_a679659c9efa3c899462f08c78755b1c04753f73.php,6.01,false,63073a4cc41f04dbcfe1c140d91223d5,18bb68c42e83d9ff049cc6fa83156ba7ae8a9182,0546fa276f53ed260ec8e32e6f503a21374271e254f6450821ad38cd44e4ef2f,fb8b08d3b6cf37d46f157bb437e2ffcbb051e4ce14097d5db82be91e8d69680af597553f21cf52dc71528739a73a30226ce41ef4ba42aebc03b084cf76c76900
WebShell_ccfc9c098604d2974660515f84e082e5f2f641b3.php,Webshell-samples/samples/webshell/PHP-backdoors-master/Obfuscated/WebShell_ccfc9c098604d2974660515f84e082e5f2f641b3.php,5.77,false,68f28aabd5049afad66de5deb7ff5804,ccfc9c098604d2974660515f84e082e5f2f641b3,ebbd67f30ee3dbdcaab616520091eef9bd5f57306c47c061bf5ec1aae30ce875,306d812546da37bfa6f3e3b57a8b319d534988fd9bb43ab1745e92e138ca209384e2aeb7587c5f45854e89a139cfb69a018b4ac09fb11d7ed2077f70e77279a1
WebShell_d6d668b5a915eb9094e986d3abec24b805e66fff.php,Webshell-samples/samples/webshell/PHP-backdoors-master/Obfuscated/WebShell_d6d668b5a915eb9094e986d3abec24b805e66fff.php,3.37,false,ea48addfa58006e94998cd9fd916de5e,d6d668b5a915eb9094e986d3abec24b805e66fff,7caf9209d10c138bb8c1b63f4cc004f0d1f838398823907b25685c7b22e62f74,e6fa8b3775ede95ea638edaa7dcbd1c383714bf050f4095f907363cfc4708bde29c2c7e812630f37016be05ce32d61c14e5dd0ba0aad8c798b81dcde20b3a8ca
Webshell_75f2c462f011da26a97e28fcb3afb4740826f960.php,Webshell-samples/samples/webshell/PHP-backdoors-master/Obfuscated/Webshell_75f2c462f011da26a97e28fcb3afb4740826f960.php,6.10,false,f5255b39bf6150debb248e552af7a362,75f2c462f011da26a97e28fcb3afb4740826f960,a3f1518a22d47a5b24280171a050b774b3ec0822702f7e6b2ec70a0b97a55927,fe21b851b96a86dfefded3f05d659f3b60cd7178d05f803c5e1a8af4bfce8165b29cb1ea87ae191f74dd643792b55d9cd4e72a80eeb03a7213a01629d1a9685b
Webshell_c49e0e1286d2e9b33a6b0a1b1454aa5ac1d5b725.php,Webshell-samples/samples/webshell/PHP-backdoors-master/Obfuscated/Webshell_c49e0e1286d2e9b33a6b0a1b1454aa5ac1d5b725.php,5.68,false,7ed88bad7ab290432560621d6f0af229,225d220bc1fb5bdc783c6597cd9c25fad2c1ccb6,23b6931cb897cb7e754c62d1f239b6ed33e358594a5765be18551bb4d2ae5ba1,c6abab8cdbd1e94ff67d8a5f8f84da870d0bf43910bedd829e5d3977478f8e457fceb82529c7b40787917b3c841cdfed0057e3e91e672f579961eb88503de2bc
ZacoShell_539426a34928b85bde1e01dbe4cb7ee629cee4c4.php,Webshell-samples/samples/webshell/PHP-backdoors-master/Obfuscated/ZacoShell_539426a34928b85bde1e01dbe4cb7ee629cee4c4.php,5.70,false,d3cdbbcf35778750b773264f1c0995a8,539426a34928b85bde1e01dbe4cb7ee629cee4c4,b96a81b71d69a9bcb5a3f9f4edccb4a3c7373159d8eda874e053b23d361107f0,f0f8054e7c299468c99f18a04a4b6b888e964b384e32130cb9e136a8ba63d381e68f739b57d61676707e90d00813f31cbb2633b73fc456728a56c0b7e061cac4
b374kShell_426f562bfacbd6c3d7f42392a346b9dc9048dc34.php,Webshell-samples/samples/webshell/PHP-backdoors-master/Obfuscated/b374kShell_426f562bfacbd6c3d7f42392a346b9dc9048dc34.php,5.67,false,b5abc5002dea1a4e611f26553d87149d,426f562bfacbd6c3d7f42392a346b9dc9048dc34,a1a51a4dc3f229bccee3d6f2ac12dde5ce8c78423fa35a652659ca27f1bef797,ad9a33a1a9f448a08da605051b9aa9435b8874e0994ef1fd3c0dbc9a2f50f8c1c4655454b09f2797d3ebc57dcbaf4cc3939b2523c446506e7d4f5da3c3ae69b5
b374kShell_b7feb990a5e9ccbbf1b1d024b3d617985ed94190.php,Webshell-samples/samples/webshell/PHP-backdoors-master/Obfuscated/b374kShell_b7feb990a5e9ccbbf1b1d024b3d617985ed94190.php,5.67,false,b8df28fb69b37a48599d2ca010e24180,e9dce82cc28701d0d9c4cb73d7d8fcf57df6a610,a63ab2911df7b064851c37e15d6a76ab427195f11c2a6a737ed98c26676a8174,5cf71194ec74d0a1e232688598f7fafff3443ab005a27009f00f05d6a27c801201ce9cb3cee05491fe9f80ebf31a32a7c73a89d486d79dd8e0c4219f0d871b29
c100Shell_92d10986327a8f3207688c306759d14c06e7479d.php,Webshell-samples/samples/webshell/PHP-backdoors-master/Obfuscated/c100Shell_92d10986327a8f3207688c306759d14c06e7479d.php,5.67,false,71072749baf8d1c5d0bde271faa218b1,15e340b7995d3352085879df0493cc65aa6c4688,54538b01c3cfb83b0e37a0ff9aecd643ee01d8440beead66d62d91734b4b213e,16f67ef8f8c5a956bece6ac14e43063a00149b6c9c445d66e25905fbe4df69f34d5ff7947a5ffd56b8d122ac666b7f10df77d32795862fda97dae1d60d3552ee
c99Shell_4748c50b5b2cb1d19f67b84b0b87bf0a2a5a2b14.php,Webshell-samples/samples/webshell/PHP-backdoors-master/Obfuscated/c99Shell_4748c50b5b2cb1d19f67b84b0b87bf0a2a5a2b14.php,5.67,false,f78527689ead632358fe07f9349c29f9,dc8e99bba94afd596b72ef1b5a5c2054343584ca,58a7b2e2511b9dc0781207a765c032bf3e6b245ffc3995ace4665717d5d6141a,a275bc02f555197d14b32cf73282b61c840b2764385ba0aac550087aa1f69d3991d60e5903a031d69d142fdb9d9136c92581f142679b5c8a2f7388cf79d36041
c99Shell_4a50de635e5460c6ac2bfe2f896063c87fac3fd8.php,Webshell-samples/samples/webshell/PHP-backdoors-master/Obfuscated/c99Shell_4a50de635e5460c6ac2bfe2f896063c87fac3fd8.php,6.01,false,0126c96d72743eac7f9e94d8abffd864,4a50de635e5460c6ac2bfe2f896063c87fac3fd8,67d2efd24814be9390eb939a5b62fd539e411d6b4c4ef5569f093cf744b4746d,6ecbe24898f19d86c2cef8f91920389ffe8d3240ca0359b68c48a137e05ab7aa930879759944eb1955606069496c3b6073648db49be941b6937bcad91d9a165d
fabf134fce36292cf2bd03c5f2c9d3195f102bb7.php,Webshell-samples/samples/webshell/PHP-backdoors-master/Obfuscated/fabf134fce36292cf2bd03c5f2c9d3195f102bb7.php,5.75,false,5424657a6d189057882797e2272d2f71,4594ef34aedeeb68fe6485c572049d7896e8ff3f,89cbc73a9c9db0d5082b8e3bdf12698d1454248b8e60b7ec050a49d8133ab825,d7e115ebfebf885cfe6709d7819758bef02a2cddfc95f862e4ea75781acfdd9c8d6abf9df7c097a3314201e59fe02b97e83a5b9a1fab8b83bec9d78164f2a600
r00tshell_6dc8b59781183d4061990b8b0fdb617063b8677d.php,Webshell-samples/samples/webshell/PHP-backdoors-master/Obfuscated/r00tshell_6dc8b59781183d4061990b8b0fdb617063b8677d.php,5.71,false,f69f06dfe490c8bcba7282db0c515f3a,6dc8b59781183d4061990b8b0fdb617063b8677d,469646afac7e649e045009486dc185e509eac09e870f8a261d918d8d14403c8c,9cebdcb29defdefeafc79978c3c00c45d1024e45de03d5ddb7a30f58fc4d0951f345627e1ce7fa6d47307c7ba7801b86fb613613d6727a5b35d3316750ec5a13
r57Shell_0963884cbc71293d7e290ad3ecf06a81355b5ec1.php,Webshell-samples/samples/webshell/PHP-backdoors-master/Obfuscated/r57Shell_0963884cbc71293d7e290ad3ecf06a81355b5ec1.php,5.67,false,b161f7c092bd381f8b4e1750ecd5627c,7bd84db42d33010702b2b84f8b03a7bf1d6357ed,e0877a75f6d8149251962d44a7877417a86b4fab469713b4cbae25e20cc19fb8,87da581674ea9ef0d6b4210fec998172140d05e739156738b5a22dd9505566a3ea857a47780ee0e17e8b43e67cb63b8d6293dcd1b63ce4b9beb18af1822d324f
r57_89fa86a8748b5dfbabf610e47cf447675a817182.php,Webshell-samples/samples/webshell/PHP-backdoors-master/Obfuscated/r57_89fa86a8748b5dfbabf610e47cf447675a817182.php,6.02,false,84fb8c8a427e07d71c46f83b465463bd,89fa86a8748b5dfbabf610e47cf447675a817182,6eeb5501a1ff9f9860e3d98888119a9b8ac9b019ec34565422db70047b9b5050,ba6aa28f1eb92718250148206e88dd87b4260b7db85f3526f4bfd4e6ee79b82eafbf95365ed7e39821103bf7480ebeca41de730ae0d059968f782394d28770f1
webshell_e8eaf8da94012e866e51547cd63bb996379690bf.php,Webshell-samples/samples/webshell/PHP-backdoors-master/Obfuscated/webshell_e8eaf8da94012e866e51547cd63bb996379690bf.php,5.94,false,17fe5efb5faab7d18e38e097f23c6b4d,e8eaf8da94012e866e51547cd63bb996379690bf,027544baa10259939780e97dc908bd43f0fb940510119fc4cce0883f3dd88275,c28f9ff43007f6b7ae936e97ebe283dc4375b3678941affbdbd65e4f9e5a3ace3b0ff383a1c5b53744c80c1228ab801b9099b9f2379814dde386e06032fb9eb1
x2300Shell_e78c2c0ab5d6a9c6d381dfb51e4f38de159adf59.php,Webshell-samples/samples/webshell/PHP-backdoors-master/Obfuscated/x2300Shell_e78c2c0ab5d6a9c6d381dfb51e4f38de159adf59.php,5.67,false,3fbe30bb0ef60fc342f22a9b68a1283d,e78c2c0ab5d6a9c6d381dfb51e4f38de159adf59,bbe5577639233b5a83c4caebf807c553430cab230f9a15ec519670dd8be6a924,fe4bac1f8e11c1ecbf52f566f24753751ac1c04af2af16d0fdc74c2607689d0dd3dd461fa21fe673fd35efd45e6c29fb0f73dd2c94b6d9ea3acd50c2e3dc118d
